{"cameraMode":{"drawMode":0,"name":"Shaded","section":"Shading Mode"},"sceneLighting":true,"audioPlay":false,"sceneViewState":{"m_AlwaysRefresh":false,"showFog":true,"showSkybox":true,"showFlares":true,"showImageEffects":true,"showParticleSystems":true,"showVisualEffectGraphs":true,"m_FxEnabled":true},"in2DMode":false,"pivot":{"x":10.320021629333496,"y":1.854426622390747,"z":-18.82283592224121},"rotation":{"x":-0.00061411113711074,"y":0.9993137717247009,"z":-0.0314888134598732,"w":-0.019489092752337457},"size":2.0983262062072756,"orthographic":true}